_id,id_number,movieID,imdbID,title,poster,trailer,posterError,posterErrorDetails,youtubeError,youtubeErrorDetails,youtubeSuggestion
5a847385f2f7a3ed4b732eac,31,31,5071,Dangerous Minds,http://content7.flixster.com/movie/26/98/269813_det.jpg,https://www.youtube.com/watch?v=3JREM7VYT2Q,POSTER_FOUND,,TRAILER_UNAVAILABLE,Video not found,https://www.youtube.com/watch?v=gA-5nLQCmW8
5a847385f2f7a3ed4b732eb3,38,42,1547,Dead Presidents,http://content7.flixster.com/movie/26/95/269521_det.jpg,https://www.youtube.com/watch?v=sgXGxALsWvk,POSTER_FOUND,,TRAILER_UNAVAILABLE,Video cannot be embedded :: embeddable = false,https://www.youtube.com/watch?v=iB3JtJJZJG8
5a847385f2f7a3ed4b732edc,79,102,1263,Mr. Wrong,http://content8.flixster.com/movie/10/92/04/10920478_det.jpg,https://www.youtube.com/watch?v=vUn8MuKaOxQ,POSTER_FOUND,,TRAILER_UNAVAILABLE,Video not found,https://www.youtube.com/watch?v=8tpGJ30uFcE
5a847385f2f7a3ed4b732ef6,105,155,860,Beyond Rangoon,http://content8.flixster.com/movie/10/86/97/10869758_det.jpg,https://www.youtube.com/watch?v=0WhJt46AhFk,POSTER_FOUND,,TRAILER_UNAVAILABLE,Video not found,https://www.youtube.com/watch?v=Ow_yBFgyUvQ
5a847385f2f7a3ed4b732f09,124,176,1458,Living in Oblivion,http://content6.flixster.com/movie/10/87/12/10871220_det.jpg,https://www.youtube.com/watch?v=OaTEaKhXfzM,POSTER_FOUND,,TRAILER_UNAVAILABLE,Video not found,https://www.youtube.com/watch?v=QjoJjWvKiUY
5a847385f2f7a3ed4b732f21,148,222,3799,Circle of Friends,http://content7.flixster.com/movie/10/91/53/10915357_det.jpg,https://www.youtube.com/watch?v=6MANr3__teY,POSTER_FOUND,,TRAILER_UNAVAILABLE,Video not found,https://www.youtube.com/watch?v=gkDsay1CrHo
5a847385f2f7a3ed4b732f29,156,232,3843,Yin shi nan nu,http://content8.flixster.com/movie/28/62/286218_det.jpg,https://www.youtube.com/watch?v=Do0tf0zop70,POSTER_FOUND,,TRAILER_UNAVAILABLE,Video not found,https://www.youtube.com/watch?v=l7pKpO8NErU
5a847385f2f7a3ed4b732f2a,157,233,2236,Exotica,http://content8.flixster.com/movie/27/34/273426_det.jpg,https://www.youtube.com/watch?v=tNxozZb7jr4,POSTER_FOUND,,TRAILER_UNAVAILABLE,Video not found,https://www.youtube.com/watch?v=w6TdqnXSLaM
5a847385f2f7a3ed4b732f34,167,249,3137,Immortal Beloved,http://content7.flixster.com/movie/26/75/267513_det.jpg,https://www.youtube.com/watch?v=d2e5Siu8E1k,POSTER_FOUND,,TRAILER_UNAVAILABLE,Video not found,https://www.youtube.com/watch?v=e2ql5wODeMY
5a847385f2f7a3ed4b732f40,179,267,2069,Major Payne,http://content9.flixster.com/movie/25/69/256903_det.jpg,https://www.youtube.com/watch?v=6Vvlw7uPdn8,POSTER_FOUND,,TRAILER_UNAVAILABLE,Video cannot be embedded :: embeddable = false,https://www.youtube.com/watch?v=8Mqt2dN8W3c
5a847385f2f7a3ed4b732f43,182,272,4988,The Madness of King George,http://content6.flixster.com/movie/10/88/81/10888184_det.jpg,https://www.youtube.com/watch?v=gCVHxguFzWQ,POSTER_FOUND,,TRAILER_UNAVAILABLE,Video not found,https://www.youtube.com/watch?v=BHNSAK8d3qc
5a847385f2f7a3ed4b732f49,188,278,779,Miami Rhapsody,http://content6.flixster.com/movie/26/49/264916_det.jpg,https://www.youtube.com/watch?v=0hN8H5gqPG4,POSTER_FOUND,,TRAILER_UNAVAILABLE,Video not found,https://www.youtube.com/watch?v=pc7oBmsbO4Y
5a847385f2f7a3ed4b732f5b,206,312,857,Stuart Saves His Family,http://content9.flixster.com/movie/10/84/58/10845847_det.jpg,https://www.youtube.com/watch?v=RvgMIerTXl4,POSTER_FOUND,,TRAILER_UNAVAILABLE,Video not found,https://www.youtube.com/watch?v=P2bCdymB7do
5a847385f2f7a3ed4b732f73,230,348,5076,Bullets Over Broadway,http://content8.flixster.com/movie/26/94/269498_det.jpg,https://www.youtube.com/watch?v=6BDr_9S5ZwU,POSTER_FOUND,,TRAILER_UNAVAILABLE,Restricted Region :: US,https://www.youtube.com/watch?v=5RPuaGSB2QQ
5a847385f2f7a3ed4b732f7a,237,355,5366,The Flintstones,http://content7.flixster.com/movie/10/87/96/10879629_det.jpg,https://www.youtube.com/watch?v=dr1wHw-xOKA,POSTER_FOUND,,TRAILER_UNAVAILABLE,Video not found,https://www.youtube.com/watch?v=pMnEbfzllso
5a847385f2f7a3ed4b732f80,243,362,4016,The Jungle Book,http://content7.flixster.com/movie/25/07/250701_det.jpg,https://www.youtube.com/watch?v=ker49kN5Agk,POSTER_FOUND,,TRAILER_UNAVAILABLE,Video cannot be embedded :: embeddable = false,https://www.youtube.com/watch?v=5mkm22yO-bs
5a847385f2f7a3ed4b732fa9,284,435,8324,Coneheads,http://content9.flixster.com/movie/25/66/256607_det.jpg,https://www.youtube.com/watch?v=aJHdYfHlWF0,POSTER_FOUND,,TRAILER_UNAVAILABLE,Video not found,https://www.youtube.com/watch?v=_Q8CpaejCk8
5a847385f2f7a3ed4b732fb6,297,455,4363,Free Willy,http://content8.flixster.com/movie/10/88/31/10883198_det.jpg,https://www.youtube.com/watch?v=N03Cy76Gxqs,POSTER_FOUND,,TRAILER_UNAVAILABLE,Video cannot be embedded :: embeddable = false,https://www.youtube.com/watch?v=xk0XY83eEuM
5a847385f2f7a3ed4b733016,393,627,1142,The Last Supper,https://m.media-amazon.com/images/M/MV5BZjY5MjY3MjktM2QyMy00ZTNmLWFkYTctOTVlNjljYzExNjI5XkEyXkFqcGdeQXVyNjU0NTI0Nw@@._V1_.jpg,https://www.youtube.com/watch?v=jNPSHydODoI,POSTER_UNAVAILABLE,Error :: Error: getaddrinfo ENOTFOUND images.rottentomatoescdn.com images.rottentomatoescdn.com:80,TRAILER_FOUND,,https://www.youtube.com/watch?v=jNPSHydODoI
5a847385f2f7a3ed4b732fd6,329,511,1060,The Program,http://content8.flixster.com/movie/46/25/25/4625250_det.jpg,https://www.youtube.com/watch?v=MwRD6qCUV3Y,POSTER_FOUND,,TRAILER_UNAVAILABLE,Video not found,https://www.youtube.com/watch?v=dBOwtSdtAYg
5a847385f2f7a3ed4b732fdb,334,517,2199,Rising Sun,http://content6.flixster.com/movie/11/12/51/11125172_det.jpg,https://www.youtube.com/watch?v=YU5LEWi9wQY,POSTER_FOUND,,TRAILER_UNAVAILABLE,Video not found,https://www.youtube.com/watch?v=AchZ0j6r_CI
5a847385f2f7a3ed4b732fe9,348,537,2211,Sairen,http://content7.flixster.com/movie/10/82/85/10828537_det.jpg,https://www.youtube.com/watch?v=KUdmnCvmPw,POSTER_FOUND,,TRAILER_UNAVAILABLE,Video not found,https://www.youtube.com/watch?v=QrtY7OnVlw8
5a847385f2f7a3ed4b73300d,384,605,2070,One Fine Day,http://content9.flixster.com/movie/26/59/265991_det.jpg,https://www.youtube.com/watch?v=PUV9tNchhxg,POSTER_FOUND,,TRAILER_UNAVAILABLE,Video not found,https://www.youtube.com/watch?v=BJjj_v33mTs
5a847385f2f7a3ed4b73300e,385,606,955,Candyman: Farewell to the Flesh,http://content9.flixster.com/movie/10/89/43/10894315_det.jpg,https://www.youtube.com/watch?v=0xeJ9ZklIY,POSTER_FOUND,,TRAILER_UNAVAILABLE,Video not found,https://www.youtube.com/watch?v=jpInUUDkZwo
5a847385f2f7a3ed4b73301a,397,639,763,Girl 6,http://content6.flixster.com/movie/23/16/94/2316944_det.jpg,https://www.youtube.com/watch?v=nVb50g_RGVo,POSTER_FOUND,,TRAILER_UNAVAILABLE,Video not found,https://www.youtube.com/watch?v=yGxWoppTujU
5a847385f2f7a3ed4b73301e,401,650,884,Moll Flanders,http://content7.flixster.com/movie/36/25/75/3625753_det.jpg,https://www.youtube.com/watch?v=Ac1GR0lO3hg,POSTER_FOUND,,TRAILER_UNAVAILABLE,Restricted Region :: US,https://www.youtube.com/watch?v=MRzcKOTnrrs
5a847385f2f7a3ed4b733027,410,678,1462,Some Folks Call It a Sling Blade,http://content8.flixster.com/movie/10/93/85/10938546_det.jpg,https://www.youtube.com/watch?v=RLVfo4SZfg,POSTER_FOUND,,TRAILER_UNAVAILABLE,Video not found,https://www.youtube.com/watch?v=sAgSUFT4cVk
5a847385f2f7a3ed4b73303f,434,745,6332,A Close Shave,http://content6.flixster.com/movie/41/62/60/4162608_det.jpg,https://www.youtube.com/watch?v=KtmmI9JCCUo,POSTER_FOUND,,TRAILER_UNAVAILABLE,Restricted Region :: US,https://www.youtube.com/watch?v=36GfaI0_B8E
5a847385f2f7a3ed4b73305d,464,833,891,High School Musical 3: Senior Year,http://content9.flixster.com/movie/10/89/47/10894743_det.jpg,https://www.youtube.com/watch?v=1S8RTKL5cW8,POSTER_FOUND,,TRAILER_UNAVAILABLE,Video cannot be embedded :: embeddable = false,https://www.youtube.com/watch?v=bEQXcbqvbT0
5a847385f2f7a3ed4b733094,519,943,990,The Ghost and Mrs. Muir,http://content8.flixster.com/movie/10/85/60/10856078_det.jpg,https://www.youtube.com/watch?v=zN6S6FwT5HM,POSTER_FOUND,,TRAILER_UNAVAILABLE,Restricted Region :: US,https://www.youtube.com/watch?v=n-X00-BoG9o
5a847385f2f7a3ed4b7330ee,609,1101,11331,Top Gun,"https://m.media-amazon.com/images/M/MV5BZjQxYTA3ODItNzgxMy00N2Y2LWJlZGMtMTRlM2JkZjI1ZDhhXkEyXkFqcGdeQXVyNDk3NzU2MTQ@._V1_SY1000_CR0,0,646,1000_AL_.jpg",https://www.youtube.com/watch?v=xa_z57UatDY,POSTER_UNAVAILABLE,Error :: Error: getaddrinfo ENOTFOUND images.rottentomatoescdn.com images.rottentomatoescdn.com:80,TRAILER_FOUND,,
5a847385f2f7a3ed4b7330a6,537,994,3227,Big Night,http://content7.flixster.com/movie/10/87/40/10874069_det.jpg,https://www.youtube.com/watch?v=aBThZOatwes,POSTER_FOUND,,TRAILER_UNAVAILABLE,Video not found,https://www.youtube.com/watch?v=pJsUNQjRYm4
5a847385f2f7a3ed4b7330c3,566,1032,3933,Alice in Wonderland,http://content8.flixster.com/movie/10/83/99/10839910_det.jpg,https://www.youtube.com/watch?v=KU_WKusJPhc,POSTER_FOUND,,TRAILER_UNAVAILABLE,Video not found,https://www.youtube.com/watch?v=9POCgSRVvf0
5a847385f2f7a3ed4b7330bd,560,1025,2872,The Sword in the Stone,http://content6.flixster.com/movie/25/07/250724_det.jpg,https://www.youtube.com/watch?v=ThOtoGV6ylU,POSTER_FOUND,,TRAILER_UNAVAILABLE,Video cannot be embedded :: embeddable = false,https://www.youtube.com/watch?v=KnL0rYFKuL4
5a847385f2f7a3ed4b7330bf,562,1028,7714,Mary Poppins,http://content6.flixster.com/movie/62/99/53/6299532_det.jpg,https://www.youtube.com/watch?v=cXMvCTLIaqM,POSTER_FOUND,,TRAILER_UNAVAILABLE,Video not found,https://www.youtube.com/watch?v=kvt41MIelDE
5a847385f2f7a3ed4b7330c4,567,1033,2139,The Fox and the Hound,http://content8.flixster.com/movie/10/84/96/10849638_det.jpg,https://www.youtube.com/watch?v=LhV6BBvt8Vs,POSTER_FOUND,,TRAILER_UNAVAILABLE,Video cannot be embedded :: embeddable = false,https://www.youtube.com/watch?v=XFwPyqQy9K0
5a847385f2f7a3ed4b733116,649,1198,21803,Indiana Jones and the Raiders of the Lost Ark,"https://m.media-amazon.com/images/M/MV5BMjA0ODEzMTc1Nl5BMl5BanBnXkFtZTcwODM2MjAxNA@@._V1_SY1000_CR0,0,664,1000_AL_.jpg",https://www.youtube.com/watch?v=X4DOyCPRlx0,POSTER_UNAVAILABLE,Error :: Error: getaddrinfo ENOTFOUND images.rottentomatoescdn.com images.rottentomatoescdn.com:80,TRAILER_FOUND,,
5a847385f2f7a3ed4b7330ea,605,1096,2141,Sophie's Choice,http://content6.flixster.com/movie/10/88/09/10880940_det.jpg,https://www.youtube.com/watch?v=eiud6lixkE,POSTER_FOUND,,TRAILER_UNAVAILABLE,Video not found,https://www.youtube.com/watch?v=STPJVf6wqCk
5a847385f2f7a3ed4b7330b7,554,1018,767,That Darn Cat,http://content6.flixster.com/movie/10/86/44/10864404_det.jpg,https://www.youtube.com/watch?v=7QRxHo7qbqU,POSTER_FOUND,,TRAILER_UNAVAILABLE,Video not found,https://www.youtube.com/watch?v=QfqVYCRdtdc
5a847385f2f7a3ed4b733100,627,1150,1053,Le retour de Martin Guerre,http://content9.flixster.com/movie/29/94/299491_det.jpg,https://www.youtube.com/watch?v=0OdgNq09RxI4,POSTER_FOUND,,TRAILER_UNAVAILABLE,Video not found,https://www.youtube.com/watch?v=OdgNq09RxI4
5a847385f2f7a3ed4b73311a,653,1202,756,"Withnail & I""",",http://content6.flixster.com/movie/28/74/287404_det.jpg""",https://www.youtube.com/watch?v=xT5qhPoRS9g,POSTER_FOUND,,TRAILER_UNAVAILABLE,Video not found,https://www.youtube.com/watch?v=d9Z0DV33gAY
5a847385f2f7a3ed4b733122,661,1211,1994,Der Himmel ?ber Berlin,http://content9.flixster.com/movie/25/46/254691_det.jpg,https://www.youtube.com/watch?v=18gU7pY0P-Q,POSTER_FOUND,,TRAILER_UNAVAILABLE,Video cannot be embedded :: embeddable = false,https://www.youtube.com/watch?v=ExLp629W9No
5a847385f2f7a3ed4b733132,677,1227,2166,Once Upon a Time in America,http://content7.flixster.com/movie/10/91/75/10917577_det.jpg,https://www.youtube.com/watch?v=mzhX2PD6Srw,POSTER_FOUND,,TRAILER_UNAVAILABLE,Video cannot be embedded :: embeddable = false,https://www.youtube.com/watch?v=LcpCRyNo8T8
5a847385f2f7a3ed4b733144,695,1249,5124,Nikita,"https://images-na.ssl-images-amazon.com/images/M/MV5BMTcwMjgwNjE0MV5BMl5BanBnXkFtZTYwNTM3Njk5._V1_UY268_CR5,0,182,268_AL_.jpg",https://www.youtube.com/watch?v=0,POSTER_FOUND,,TRAILER_UNAVAILABLE,Video not found,https://www.youtube.com/watch?v=ySr1u6jguHQ
5a847385f2f7a3ed4b73314c,703,1257,3085,Better Off Dead...,http://content7.flixster.com/movie/10/84/19/10841913_det.jpg,https://www.youtube.com/watch?v=DWTouGjZt6A,POSTER_FOUND,,TRAILER_UNAVAILABLE,Video not found,https://www.youtube.com/watch?v=d8r6X-aDsJM
5a847385f2f7a3ed4b733152,709,1263,5457,The Deer Hunter,http://content6.flixster.com/movie/26/75/267592_det.jpg,https://www.youtube.com/watch?v=vw-Tyr6Rb6I,POSTER_FOUND,,TRAILER_UNAVAILABLE,Video cannot be embedded :: embeddable = false,https://www.youtube.com/watch?v=3Gqit3zVmyc
5a847385f2f7a3ed4b733170,739,1293,5140,Gandhi,http://content9.flixster.com/movie/10/85/69/10856927_det.jpg,https://www.youtube.com/watch?v=6oWqlb_TlLQ,POSTER_FOUND,,TRAILER_UNAVAILABLE,Video not found,https://www.youtube.com/watch?v=4pENM42-QB8
5a847385f2f7a3ed4b73317a,749,1304,8880,Butch Cassidy and the Sundance Kid,http://content6.flixster.com/movie/10/93/10/10931056_det.jpg,https://www.youtube.com/watch?v=oy90GXekPKU,POSTER_FOUND,,TRAILER_UNAVAILABLE,Video not found,https://www.youtube.com/watch?v=YdJW2UxvSFQ
5a847385f2f7a3ed4b7331b6,809,1416,2687,Evita,http://content9.flixster.com/movie/25/44/254419_det.jpg,https://www.youtube.com/watch?v=RTf4sS3O6p8,POSTER_FOUND,,TRAILER_UNAVAILABLE,Restricted Region :: US,https://www.youtube.com/watch?v=fMZ42xGClEA
5a847385f2f7a3ed4b7331e8,859,1588,2116,George of the Jungle,http://content9.flixster.com/movie/25/63/256399_det.jpg,https://www.youtube.com/watch?v=62fugV7ZEDY,POSTER_FOUND,,TRAILER_UNAVAILABLE,Video not found,https://www.youtube.com/watch?v=PP9VGoP8xnI
5a847385f2f7a3ed4b733228,923,1734,1132,Ma vie en rose,http://content8.flixster.com/movie/10/12/04/10120494_det.jpg,https://www.youtube.com/watch?v=YveiRUDst6I,POSTER_FOUND,,TRAILER_UNAVAILABLE,Video not found,https://www.youtube.com/watch?v=sue1FtD3-tg
5a847385f2f7a3ed4b73322c,927,1752,1045,Friday Night Lights A Hard Rain's Gonna Fall,"https://images-na.ssl-images-amazon.com/images/M/MV5BMzEwNjEzOTc3Nl5BMl5BanBnXkFtZTgwNjQzNzg0MjE@._V1_UY268_CR87,0,182,268_AL_.jpg",https://www.youtube.com/watch?v=0,POSTER_FOUND,,TRAILER_UNAVAILABLE,Video not found,https://www.youtube.com/watch?v=O-mI9GajrBc
5a847385f2f7a3ed4b73323a,941,1797,1174,Everest,http://content6.flixster.com/movie/28/60/286012_det.jpg,https://www.youtube.com/watch?v=zO1tJPxcnU,POSTER_FOUND,,TRAILER_UNAVAILABLE,Video not found,https://www.youtube.com/watch?v=5ZQVpPiOji0
5a847385f2f7a3ed4b733252,965,1889,869,Insomnia,http://content6.flixster.com/movie/27/69/276996_det.jpg,https://www.youtube.com/watch?v=1OY5J11CWrE,POSTER_FOUND,,TRAILER_UNAVAILABLE,Video not found,https://www.youtube.com/watch?v=brHA3CF4_Mw
5a847385f2f7a3ed4b73326b,990,1949,1159,A Man for All Seasons,http://content6.flixster.com/movie/25/08/250892_det.jpg,https://www.youtube.com/watch?v=I4ypQ1Rkgd8,POSTER_FOUND,,TRAILER_UNAVAILABLE,Video not found,https://www.youtube.com/watch?v=dxfpXoXBYRA
5a847386f2f7a3ed4b7332f9,1127,2160,3795,Rosemary's Baby,https://m.media-amazon.com/images/M/MV5BMjE3NzE4NzkyNl5BMl5BanBnXkFtZTgwNTYyODgwNzE@._V1_.jpg,https://www.youtube.com/watch?v=NoXLXMbOgiU,POSTER_UNAVAILABLE,Error :: Error: getaddrinfo ENOTFOUND images.rottentomatoescdn.com images.rottentomatoescdn.com:80,TRAILER_FOUND,,
5a847386f2f7a3ed4b7332b8,1062,2070,1077,Tender Mercies,http://content6.flixster.com/movie/26/62/266228_det.jpg,https://www.youtube.com/watch?v=YkRvzcektB0,POSTER_FOUND,,TRAILER_UNAVAILABLE,Video not found,https://www.youtube.com/watch?v=YEnj-xU19uQ
5a847386f2f7a3ed4b7332bc,1066,2078,4432,The Jungle Book,http://content7.flixster.com/movie/25/07/250701_det.jpg,https://www.youtube.com/watch?v=ker49kN5Agk,POSTER_FOUND,,TRAILER_UNAVAILABLE,Video cannot be embedded :: embeddable = false,https://www.youtube.com/watch?v=5mkm22yO-bs
5a847386f2f7a3ed4b7332d2,1088,2108,4157,L.A. Story,http://content8.flixster.com/movie/26/57/265702_det.jpg,https://www.youtube.com/watch?v=F9nQyDBbExQ,POSTER_FOUND,,TRAILER_UNAVAILABLE,Video not found,https://www.youtube.com/watch?v=0eCSmfP4g2c
5a847386f2f7a3ed4b733322,1168,2288,4247,The Thing,"https://m.media-amazon.com/images/M/MV5BNDcyZmFjY2YtN2I1OC00MzU3LWIzZGEtZDA5N2VlNDJjYWI3L2ltYWdlXkEyXkFqcGdeQXVyNTAyODkwOQ@@._V1_SY1000_CR0,0,660,1000_AL_.jpg",https://www.youtube.com/watch?v=p35JDJLa9ec,POSTER_UNAVAILABLE,Error :: Error: getaddrinfo ENOTFOUND images.rottentomatoescdn.com images.rottentomatoescdn.com:80,TRAILER_FOUND,,
5a847386f2f7a3ed4b733323,1169,2289,4712,The Player,"https://m.media-amazon.com/images/M/MV5BMjM5MDg0MjU3Ml5BMl5BanBnXkFtZTgwODQ0NjYxMTE@._V1_SY1000_CR0,0,675,1000_AL_.jpg",https://www.youtube.com/watch?v=HpDDTS08wPs,POSTER_UNAVAILABLE,Error :: Error: getaddrinfo ENOTFOUND images.rottentomatoescdn.com images.rottentomatoescdn.com:80,TRAILER_FOUND,,
5a847386f2f7a3ed4b7332ed,1115,2140,4158,The Dark Crystal,http://content8.flixster.com/movie/25/47/254714_det.jpg,https://www.youtube.com/watch?v=mL50f0tGnKs,POSTER_FOUND,,TRAILER_UNAVAILABLE,Restricted Region :: US,https://www.youtube.com/watch?v=wW23YcaBHUg
5a847386f2f7a3ed4b7332f8,1126,2159,959,Henry: Portrait of a Serial Killer,http://content7.flixster.com/movie/11/14/63/11146381_det.jpg,https://www.youtube.com/watch?v=OHVHqOoQf5k,POSTER_FOUND,,TRAILER_UNAVAILABLE,Video not found,https://www.youtube.com/watch?v=IU3P6WXzvXU
5a847386f2f7a3ed4b7332f6,1124,2151,832,The Gods Must Be Crazy II,http://content7.flixster.com/movie/10/90/47/10904733_det.jpg,https://www.youtube.com/watch?v=XMlTZHg9Z6o,POSTER_FOUND,,TRAILER_UNAVAILABLE,Video cannot be embedded :: embeddable = false,https://www.youtube.com/watch?v=UVMMbNBJy-M
5a847386f2f7a3ed4b7332f5,1123,2150,4760,The Gods Must Be Crazy,http://content7.flixster.com/movie/11/15/34/11153477_det.jpg,https://www.youtube.com/watch?v=GorHLQ-jLRQ,POSTER_FOUND,,TRAILER_UNAVAILABLE,Video not found,https://www.youtube.com/watch?v=ETnXbF884S0
5a847386f2f7a3ed4b733301,1135,2183,1244,The Man Who Knew Too Much,http://content8.flixster.com/movie/10/92/45/10924554_det.gif,https://www.youtube.com/watch?v=Ft2smpFxJgY,POSTER_FOUND,,TRAILER_UNAVAILABLE,Video cannot be embedded :: embeddable = false,https://www.youtube.com/watch?v=YP8brOVQnKA
5a847386f2f7a3ed4b73330b,1145,2212,726,The Man Who Knew Too Much,http://content8.flixster.com/movie/10/92/45/10924554_det.gif,https://www.youtube.com/watch?v=Ft2smpFxJgY,POSTER_FOUND,,TRAILER_UNAVAILABLE,Video cannot be embedded :: embeddable = false,https://www.youtube.com/watch?v=YP8brOVQnKA
5a847386f2f7a3ed4b73330e,1148,2236,1064,Simon Birch,http://content7.flixster.com/movie/25/50/255097_det.jpg,https://www.youtube.com/watch?v=8qEgAxV1wpQ,POSTER_FOUND,,TRAILER_UNAVAILABLE,Video not found,https://www.youtube.com/watch?v=AGU8cOHxSxo
5a847386f2f7a3ed4b733315,1155,2252,990,Heroes,http://content8.flixster.com/movie/10/85/26/10852618_det.jpg,https://www.youtube.com/watch?v=0,POSTER_FOUND,,TRAILER_UNAVAILABLE,Video not found,https://www.youtube.com/watch?v=9AX6aXFdTkc
5a847386f2f7a3ed4b733321,1167,2287,924,Ils,http://content8.flixster.com/movie/10/91/34/10913458_det.jpg,https://www.youtube.com/watch?v=yFTbcDRkG1o,POSTER_FOUND,,TRAILER_UNAVAILABLE,Video cannot be embedded :: embeddable = false,https://www.youtube.com/watch?v=_fk_b-hKpHc
5a847386f2f7a3ed4b73333e,1196,2337,772,Velvet Goldmine,http://content9.flixster.com/movie/69/65/48/6965487_det.jpg,https://www.youtube.com/watch?v=MeCGri4Ahgk,POSTER_FOUND,,TRAILER_UNAVAILABLE,Video not found,https://www.youtube.com/watch?v=FRY9K78uDRs
5a847386f2f7a3ed4b733345,1203,2352,3854,The Big Chill,http://content7.flixster.com/movie/26/86/268601_det.jpg,https://www.youtube.com/watch?v=O19k-YtwXTg,POSTER_FOUND,,TRAILER_UNAVAILABLE,Video not found,https://www.youtube.com/watch?v=Ua-MspPHTtI
5a847386f2f7a3ed4b7333ce,1339,2622,2114,A Midsummer Night's Dream,https://m.media-amazon.com/images/M/MV5BZjI5YzcxZmUtMWUzOC00MGJmLWFjODgtYTlhNTViNjFmYzE5XkEyXkFqcGdeQXVyMTY2MzYyNzA@._V1_.jpg,https://www.youtube.com/watch?v=QYknOe7OluE,POSTER_UNAVAILABLE,Error :: Error: getaddrinfo ENOTFOUND images.rottentomatoescdn.com images.rottentomatoescdn.com:80,TRAILER_FOUND,,
5a847386f2f7a3ed4b733391,1279,2468,1831,Jumpin' Jack Flash,http://content6.flixster.com/movie/26/81/268196_det.jpg,https://www.youtube.com/watch?v=CmOhsMEnGOQ,POSTER_FOUND,,TRAILER_UNAVAILABLE,Video not found,https://www.youtube.com/watch?v=ioV8Pucgpl0
5a847386f2f7a3ed4b733399,1287,2485,2958,She's All That,http://content9.flixster.com/movie/25/70/257015_det.jpg,https://www.youtube.com/watch?v=aSh6LSRGQLE,POSTER_FOUND,,TRAILER_UNAVAILABLE,Video not found,https://www.youtube.com/watch?v=kI9fYsgduGE
5a847386f2f7a3ed4b7333a5,1299,2520,931,Airport,http://content8.flixster.com/movie/25/28/252814_det.jpg,https://www.youtube.com/watch?v=PACKbKt8MOw,POSTER_FOUND,,TRAILER_UNAVAILABLE,Video cannot be embedded :: embeddable = false,https://www.youtube.com/watch?v=THAz4TRDCdk
5a847386f2f7a3ed4b7333b7,1317,2560,893,Ravenous,http://content6.flixster.com/movie/27/15/271516_det.jpg,https://www.youtube.com/watch?v=TqhoGTEEsuw,POSTER_FOUND,,TRAILER_UNAVAILABLE,Video not found,https://www.youtube.com/watch?v=o3abQ2oRBzo
5a847386f2f7a3ed4b733413,1408,2789,758,Damien: Omen II,https://m.media-amazon.com/images/M/MV5BNGQxOTk0ZjItNGVjNC00YmFkLWFlNmMtN2I1NTI2NzczM2E3XkEyXkFqcGdeQXVyMTQxNzMzNDI@._V1_.jpg,https://www.youtube.com/watch?v=Az86iKhWAjk,POSTER_UNAVAILABLE,Error :: Error: getaddrinfo ENOTFOUND images.rottentomatoescdn.com images.rottentomatoescdn.com:80,TRAILER_FOUND,,
5a847386f2f7a3ed4b7333e1,1358,2683,13335,Austin Powers: The Spy Who Shagged Me,http://content9.flixster.com/movie/10/86/89/10868999_det.jpg,https://www.youtube.com/watch?v=tZCkksmJ0YI,POSTER_FOUND,,TRAILER_UNAVAILABLE,Video not found,https://www.youtube.com/watch?v=LGVjoLlgHbM
5a847386f2f7a3ed4b733412,1407,2788,2997,And Now for Something Completely Different,http://content6.flixster.com/movie/10/93/78/10937840_det.jpg,https://www.youtube.com/watch?v=IDtepG8EvHE,POSTER_FOUND,,TRAILER_UNAVAILABLE,Video cannot be embedded :: embeddable = false,https://www.youtube.com/watch?v=dlCbFu5dpc8
5a847386f2f7a3ed4b733417,1412,2794,1864,European Vacation,http://content9.flixster.com/movie/25/78/257823_det.jpg,https://www.youtube.com/watch?v=KoyUkNGWtNA,POSTER_FOUND,,TRAILER_UNAVAILABLE,Video not found,https://www.youtube.com/watch?v=vbF_7TiG5bg
5a847386f2f7a3ed4b733419,1414,2796,825,Funny Farm,http://content9.flixster.com/movie/10/95/43/10954319_det.jpg,https://www.youtube.com/watch?v=l4iw_hfBQqM,POSTER_FOUND,,TRAILER_UNAVAILABLE,Video not found,https://www.youtube.com/watch?v=UVzkcK0yhUc
5a847386f2f7a3ed4b733497,1540,3099,854,Shampoo,http://content6.flixster.com/movie/27/21/272120_det.jpg,https://www.youtube.com/watch?v=bmma2EfdXA8,POSTER_FOUND,,TRAILER_UNAVAILABLE,Video not found,https://www.youtube.com/watch?v=rJllau4-qd0
5a847386f2f7a3ed4b7334ba,1575,3181,803,Titus,http://content7.flixster.com/movie/26/90/269029_det.jpg,https://www.youtube.com/watch?v=-snslXbUv7I,POSTER_FOUND,,TRAILER_UNAVAILABLE,Restricted Region :: US,https://www.youtube.com/watch?v=OvZRvKf78yY
5a847386f2f7a3ed4b7334c3,1584,3204,808,The Boys from Brazil,http://content7.flixster.com/movie/10/90/11/10901117_det.jpg,https://www.youtube.com/watch?v=RhpqqNZMx50,POSTER_FOUND,,TRAILER_UNAVAILABLE,Video not found,https://www.youtube.com/watch?v=UJZiNhLnMzM
5a847386f2f7a3ed4b7334fa,1639,3361,4013,Bull Durham,http://content9.flixster.com/movie/10/89/23/10892343_det.gif,https://www.youtube.com/watch?v=q2_4LKWV3Nk,POSTER_FOUND,,TRAILER_UNAVAILABLE,Video not found,https://www.youtube.com/watch?v=dnJFndf-Krg
5a847386f2f7a3ed4b7335bb,1832,3973,811,Book of Shadows: Blair Witch 2,https://m.media-amazon.com/images/M/MV5BY2YzNzg1YTAtMjU4MC00OWU5LWFiNjAtZmI0Zjc5MmM4YzcxXkEyXkFqcGdeQXVyMTQxNzMzNDI@._V1_.jpg,https://www.youtube.com/watch?v=,POSTER_FOUND,,TRAILER_UNAVAILABLE,Video not found,https://www.youtube.com/watch?v=h3338bQkBkM
5a847386f2f7a3ed4b733534,1697,3534,2363,28 Days Later...,http://content9.flixster.com/movie/55/37/32/5537323_det.jpg,https://www.youtube.com/watch?v=_H-T7RPvt2k,POSTER_FOUND,,TRAILER_UNAVAILABLE,Video cannot be embedded :: embeddable = false,https://www.youtube.com/watch?v=c7ynwAgQlDQ
5a847386f2f7a3ed4b73353e,1707,3552,4504,Caddyshack,http://content7.flixster.com/movie/55/04/75/5504753_det.jpg,https://www.youtube.com/watch?v=zrTqenN1SqQ,POSTER_FOUND,,TRAILER_UNAVAILABLE,Video not found,https://www.youtube.com/watch?v=x9Nl39uWEYk
5a847386f2f7a3ed4b733567,1748,3701,1367,Alien Nation,"https://images-na.ssl-images-amazon.com/images/M/MV5BZjRlYjI2NWUtMmY5Mi00YTcyLTg5MzUtNTE2ZmRiMzNjYjA0XkEyXkFqcGdeQXVyNzc5MjA3OA@@._V1_UX182_CR0,0,182,268_AL_.jpg",https://www.youtube.com/watch?v=q9Y8-EF4qAU,POSTER_FOUND,,TRAILER_UNAVAILABLE,Restricted Region :: US,https://www.youtube.com/watch?v=d4aGxG-SBSE
5a847386f2f7a3ed4b733575,1762,3735,2094,Serpico,http://content9.flixster.com/movie/26/96/269611_det.jpg,https://www.youtube.com/watch?v=3lahDbYMz5o,POSTER_FOUND,,TRAILER_UNAVAILABLE,Restricted Region :: US,https://www.youtube.com/watch?v=hSZz5RI7KRQ
5a847386f2f7a3ed4b733581,1774,3763,2100,F/X2,http://content9.flixster.com/movie/10/91/76/10917691_det.jpg,https://www.youtube.com/watch?v=nKBtCrHuvks,POSTER_FOUND,,TRAILER_UNAVAILABLE,Video not found,https://www.youtube.com/watch?v=FYJYOyITLTQ
5a847386f2f7a3ed4b733591,1790,3819,930,Tampopo,http://content9.flixster.com/movie/30/69/306915_det.jpg,https://www.youtube.com/watch?v=W_KctoG0bAE,POSTER_FOUND,,TRAILER_UNAVAILABLE,Video not found,https://www.youtube.com/watch?v=tY392wxb2Wk
5a847386f2f7a3ed4b7335de,1867,4029,1807,State and Main,http://content8.flixster.com/movie/27/27/272726_det.jpg,https://www.youtube.com/watch?v=f4XKh2E9Ybw,POSTER_FOUND,,TRAILER_UNAVAILABLE,Restricted Region :: US,https://www.youtube.com/watch?v=e5rWP1Xv7yw
5a847386f2f7a3ed4b7335e1,1870,4036,1410,Shadow of the Vampire,http://content8.flixster.com/movie/28/54/285410_det.jpg,https://www.youtube.com/watch?v=JyBt5DDFcQY,POSTER_FOUND,,TRAILER_UNAVAILABLE,Video not found,https://www.youtube.com/watch?v=uAn5uLNMmjk
5a847386f2f7a3ed4b73361b,1928,4322,1037,Eight Men Out,http://content7.flixster.com/movie/25/44/254409_det.jpg,https://www.youtube.com/watch?v=NZYltpZT0KI,POSTER_FOUND,,TRAILER_UNAVAILABLE,Video not found,https://www.youtube.com/watch?v=JSHQw85pvek
5a847386f2f7a3ed4b733656,1987,4720,4725,The Others,http://content7.flixster.com/movie/31/28/312825_det.jpg,https://www.youtube.com/watch?v=0bMEGtUxajY,POSTER_FOUND,,TRAILER_UNAVAILABLE,Video not found,https://www.youtube.com/watch?v=C7pKqaPtMiA
5a847386f2f7a3ed4b733662,1999,4815,718,Hearts in Atlantis,http://content6.flixster.com/movie/10/88/83/10888348_det.jpg,https://www.youtube.com/watch?v=zjnAWlV_JoE,POSTER_FOUND,,TRAILER_UNAVAILABLE,Video not found,https://www.youtube.com/watch?v=l8yfW7LHYbk
5a847386f2f7a3ed4b733674,2016,4886,10577,"Monsters, Inc.",http://content8.flixster.com/movie/10/94/43/10944358_det.jpg,https://www.youtube.com/watch?v=8IBNZ6O2kMk,POSTER_FOUND,,TRAILER_UNAVAILABLE,Video cannot be embedded :: embeddable = false,https://www.youtube.com/watch?v=cvOQeozL4S0
5a847386f2f7a3ed4b73367a,2022,4903,1575,In the Bedroom,http://content9.flixster.com/movie/27/07/270711_det.jpg,https://www.youtube.com/watch?v=vbgETu4NH_Y,POSTER_FOUND,,TRAILER_UNAVAILABLE,Video not found,https://www.youtube.com/watch?v=STbngNl_m2s
5a847386f2f7a3ed4b733680,2028,4967,921,No Man's Land,http://content9.flixster.com/movie/27/16/271623_det.jpg,https://www.youtube.com/watch?v=wAYyaL6a5vQ,POSTER_FOUND,,TRAILER_UNAVAILABLE,Video not found,https://www.youtube.com/watch?v=Ypsnv50Af_I
5a847386f2f7a3ed4b73368d,2041,5013,3287,Gosford Park,http://content6.flixster.com/movie/60/50/97/6050976_det.jpg,https://www.youtube.com/watch?v=Km4gZMrF96g,POSTER_FOUND,,TRAILER_UNAVAILABLE,Video not found,https://www.youtube.com/watch?v=lfokH6v4aOM
5a847386f2f7a3ed4b7336bd,2089,5388,3245,Insomnia,http://content6.flixster.com/movie/27/69/276996_det.jpg,https://www.youtube.com/watch?v=1OY5J11CWrE,POSTER_FOUND,,TRAILER_UNAVAILABLE,Video not found,https://www.youtube.com/watch?v=brHA3CF4_Mw
5a847386f2f7a3ed4b7336c5,2097,5445,11038,Minority Report,http://content9.flixster.com/movie/10/94/48/10944815_det.jpg,https://www.youtube.com/watch?v=QH-6UImAP7c,POSTER_FOUND,,TRAILER_UNAVAILABLE,Video not found,https://www.youtube.com/watch?v=lG7DGMgfOb8
5a847386f2f7a3ed4b7336c2,2094,5419,1118,Scooby-Doo,http://content7.flixster.com/movie/10/86/10/10861017_det.jpg,https://www.youtube.com/watch?v=Bzz4EQ2NmpQ,POSTER_FOUND,,TRAILER_UNAVAILABLE,Video cannot be embedded :: embeddable = false,https://www.youtube.com/watch?v=o3dbeI0BU1k
5a847386f2f7a3ed4b7336d8,2116,5577,1360,Igby Goes Down,http://content7.flixster.com/movie/10/90/14/10901449_det.jpg,https://www.youtube.com/watch?v=DG8MNasXl_k,POSTER_FOUND,,TRAILER_UNAVAILABLE,Video not found,https://www.youtube.com/watch?v=9fGHX8eW9PU
5a847386f2f7a3ed4b7336ed,2137,5876,1053,The Quiet American,http://content8.flixster.com/movie/10/90/98/10909866_det.jpg,https://www.youtube.com/watch?v=qyjmKeL0ER0,POSTER_FOUND,,TRAILER_UNAVAILABLE,Video not found,https://www.youtube.com/watch?v=GXTXGfMFxR4
5a847386f2f7a3ed4b733704,2160,6016,4370,City of God,http://content7.flixster.com/movie/26/72/267221_det.jpg,https://www.youtube.com/watch?v=XbAaGPvi-Kc,POSTER_FOUND,,TRAILER_UNAVAILABLE,Video not found,https://www.youtube.com/watch?v=dcUOO4Itgmw
5a847386f2f7a3ed4b733706,2162,6059,1293,The Recruit,http://content9.flixster.com/movie/25/65/256599_det.jpg,https://www.youtube.com/watch?v=ojL5ju_dFRQ,POSTER_FOUND,,TRAILER_UNAVAILABLE,Video not found,https://www.youtube.com/watch?v=-aqecRSJo3o
5a847386f2f7a3ed4b73370d,2169,6213,734,Tears of the Sun,http://content8.flixster.com/movie/10/87/83/10878362_det.jpg,https://www.youtube.com/watch?v=v-RUQZ_yhyY,POSTER_FOUND,,TRAILER_UNAVAILABLE,Video not found,https://www.youtube.com/watch?v=rMuX3uGQfic
5a847387f2f7a3ed4b733748,2228,6765,748,Under the Tuscan Sun,http://content9.flixster.com/movie/25/50/255095_det.jpg,https://www.youtube.com/watch?v=On3_tl68URM,POSTER_FOUND,,TRAILER_UNAVAILABLE,Video cannot be embedded :: embeddable = false,https://www.youtube.com/watch?v=vdJGMZDY0-8
5a847387f2f7a3ed4b733757,2243,6893,1145,The Italian Job,http://content6.flixster.com/movie/10/89/11/10891136_det.jpg,https://www.youtube.com/watch?v=yTzsEmbP_yo,POSTER_FOUND,,TRAILER_UNAVAILABLE,Video not found,https://www.youtube.com/watch?v=5Eyw-Qiwpj0
5a847387f2f7a3ed4b7337a6,2321,8464,3760,Super Size Me,"https://m.media-amazon.com/images/M/MV5BMTYyOTk4MjIxOF5BMl5BanBnXkFtZTcwMzk1NTUyMQ@@._V1_SY1000_CR0,0,703,1000_AL_.jpg",https://www.youtube.com/watch?v=izB6WohWJPY,POSTER_UNAVAILABLE,Error :: Error: getaddrinfo ENOTFOUND images.rottentomatoescdn.com images.rottentomatoescdn.com:80,TRAILER_FOUND,,
5a847387f2f7a3ed4b73377d,2281,7263,994,Miracle,http://content6.flixster.com/movie/25/36/253692_det.jpg,https://www.youtube.com/watch?v=v64ofT1rGOw,POSTER_FOUND,,TRAILER_UNAVAILABLE,Video cannot be embedded :: embeddable = false,https://www.youtube.com/watch?v=v64ofT1rGOw
5a847387f2f7a3ed4b733790,2300,7445,1948,Man on Fire,http://content7.flixster.com/movie/10/87/18/10871825_det.jpg,https://www.youtube.com/watch?v=g4kLizDXLY0,POSTER_FOUND,,TRAILER_UNAVAILABLE,Restricted Region :: US,https://www.youtube.com/watch?v=rb-ZEBBKolc
5a847387f2f7a3ed4b7337a9,2324,8529,2368,The Terminal,http://content8.flixster.com/movie/55/04/86/5504862_det.jpg,https://www.youtube.com/watch?v=OkreGRLQdb8,POSTER_FOUND,,TRAILER_UNAVAILABLE,Video not found,https://www.youtube.com/watch?v=GZjC9dAvWuU
5a847387f2f7a3ed4b7337e6,2385,31878,1796,Kung fu,http://content6.flixster.com/movie/10/88/90/10889084_det.jpg,https://www.youtube.com/watch?v=m3IB7N_PRk,POSTER_FOUND,,TRAILER_UNAVAILABLE,Video not found,https://www.youtube.com/watch?v=rp1AuBj53Co
5a847387f2f7a3ed4b733803,2414,38886,732,The Squid and the Whale,http://content6.flixster.com/movie/25/02/250292_det.jpg,https://www.youtube.com/watch?v=usZN7CcVhD0,POSTER_FOUND,,TRAILER_UNAVAILABLE,Video not found,https://www.youtube.com/watch?v=JRkK5n2mkvg
5a847387f2f7a3ed4b733813,2430,44195,2522,Thank You for Smoking,http://content6.flixster.com/movie/31/32/313296_det.jpg,https://www.youtube.com/watch?v=sRRJFBMlpbI,POSTER_FOUND,,TRAILER_UNAVAILABLE,Video not found,https://www.youtube.com/watch?v=Df32RijORLo
5a847387f2f7a3ed4b733859,2500,60069,1389,WALL-E,"https://m.media-amazon.com/images/M/MV5BMjExMTg5OTU0NF5BMl5BanBnXkFtZTcwMjMxMzMzMw@@._V1_SY1000_CR0,0,674,1000_AL_.jpg",https://www.youtube.com/watch?v=9pyBKj5-jVk,POSTER_UNAVAILABLE,Response Code :: 403,TRAILER_FOUND,,
5a847387f2f7a3ed4b733837,2466,50872,2038,Ratatouille,http://content6.flixster.com/movie/41/60/98/4160984_det.jpg,https://www.youtube.com/watch?v=niD-jahFURU,POSTER_FOUND,,TRAILER_UNAVAILABLE,Video not found,https://www.youtube.com/watch?v=c3sBBRxDAqk
5a847387f2f7a3ed4b733855,2496,57368,905,Cloverfield,http://content9.flixster.com/movie/10/83/79/10837935_det.jpg,https://www.youtube.com/watch?v=SfnnEiLCU44,POSTER_FOUND,,TRAILER_UNAVAILABLE,Video not found,https://www.youtube.com/watch?v=sQFpMZ6glTo